Title,CWE,Real
BenchmarkTest00116,643,FALSE
BenchmarkTest00117,643,FALSE
BenchmarkTest00118,643,FALSE
BenchmarkTest00207,643,TRUE
BenchmarkTest00442,643,TRUE
BenchmarkTest00520,643,FALSE
BenchmarkTest00607,643,TRUE
BenchmarkTest00683,643,FALSE
BenchmarkTest01223,643,TRUE
BenchmarkTest01224,643,TRUE
BenchmarkTest00016,614,FALSE
BenchmarkTest00087,614,TRUE
BenchmarkTest00088,614,FALSE
BenchmarkTest00089,614,FALSE
BenchmarkTest00169,614,TRUE
BenchmarkTest00170,614,TRUE
BenchmarkTest00241,614,TRUE
BenchmarkTest00242,614,FALSE
BenchmarkTest00300,614,TRUE
BenchmarkTest00404,614,FALSE
BenchmarkTest00012,90,TRUE
BenchmarkTest00021,90,TRUE
BenchmarkTest00044,90,TRUE
BenchmarkTest00138,90,FALSE
BenchmarkTest00139,90,FALSE
BenchmarkTest00367,90,FALSE
BenchmarkTest00530,90,FALSE
BenchmarkTest00630,90,TRUE
BenchmarkTest00694,90,TRUE
BenchmarkTest00860,90,FALSE
BenchmarkTest00001,22,TRUE
BenchmarkTest00002,22,TRUE
BenchmarkTest00011,22,TRUE
BenchmarkTest00028,22,TRUE
BenchmarkTest00040,22,TRUE
BenchmarkTest00063,22,FALSE
BenchmarkTest00064,22,FALSE
BenchmarkTest00131,22,FALSE
BenchmarkTest00132,22,FALSE
BenchmarkTest00134,22,FALSE
BenchmarkTest00006,78,TRUE
BenchmarkTest00007,78,TRUE
BenchmarkTest00015,78,TRUE
BenchmarkTest00017,78,TRUE
BenchmarkTest00051,78,FALSE
BenchmarkTest00077,78,TRUE
BenchmarkTest00090,78,FALSE
BenchmarkTest00093,78,FALSE
BenchmarkTest00158,78,FALSE
BenchmarkTest00171,78,FALSE
BenchmarkTest00003,328,TRUE
BenchmarkTest00009,328,FALSE
BenchmarkTest00022,328,FALSE
BenchmarkTest00029,328,TRUE
BenchmarkTest00046,328,TRUE
BenchmarkTest00069,328,FALSE
BenchmarkTest00070,328,TRUE
BenchmarkTest00071,328,TRUE
BenchmarkTest00072,328,FALSE
BenchmarkTest00075,328,FALSE
BenchmarkTest00004,501,TRUE
BenchmarkTest00031,501,TRUE
BenchmarkTest00097,501,FALSE
BenchmarkTest00098,501,TRUE
BenchmarkTest00099,501,FALSE
BenchmarkTest00189,501,FALSE
BenchmarkTest00250,501,FALSE
BenchmarkTest00251,501,TRUE
BenchmarkTest00252,501,FALSE
BenchmarkTest00321,501,TRUE
BenchmarkTest00147,79,FALSE
BenchmarkTest00148,79,TRUE
BenchmarkTest00149,79,TRUE
BenchmarkTest00150,79,TRUE
BenchmarkTest00151,79,FALSE
BenchmarkTest00152,79,TRUE
BenchmarkTest00153,79,TRUE
BenchmarkTest00275,79,FALSE
BenchmarkTest00277,79,FALSE
BenchmarkTest00278,79,FALSE
BenchmarkTest00005,327,TRUE
BenchmarkTest00019,327,TRUE
BenchmarkTest00020,327,TRUE
BenchmarkTest00035,327,TRUE
BenchmarkTest00050,327,TRUE
BenchmarkTest00054,327,FALSE
BenchmarkTest00058,327,FALSE
BenchmarkTest00059,327,FALSE
BenchmarkTest00121,327,FALSE
BenchmarkTest00122,327,FALSE
BenchmarkTest00008,89,TRUE
BenchmarkTest00043,89,TRUE
BenchmarkTest00052,89,FALSE
BenchmarkTest00100,89,TRUE
BenchmarkTest00101,89,TRUE
BenchmarkTest00104,89,FALSE
BenchmarkTest00105,89,FALSE
BenchmarkTest00106,89,TRUE
BenchmarkTest00107,89,FALSE
BenchmarkTest00110,89,FALSE
BenchmarkTest00010,330,FALSE
BenchmarkTest00023,330,TRUE
BenchmarkTest00042,330,FALSE
BenchmarkTest00084,330,TRUE
BenchmarkTest00085,330,TRUE
BenchmarkTest00086,330,TRUE
BenchmarkTest00094,330,FALSE
BenchmarkTest00095,330,FALSE
BenchmarkTest00096,330,FALSE
BenchmarkTest00140,330,TRUE